{"cameraMode":{"drawMode":0,"name":"Shaded","section":"Shading Mode"},"sceneLighting":false,"audioPlay":false,"sceneViewState":{"showFog":true,"showMaterialUpdate":false,"showSkybox":true,"showFlares":true,"showImageEffects":true,"showParticleSystems":true},"in2DMode":false,"pivot":{"x":757.6998901367188,"y":489.199951171875,"z":0.0},"rotation":{"x":-0.12297584861516953,"y":-0.018758675083518029,"z":0.002324889414012432,"w":-0.9922296404838562},"size":1005.7136840820313,"orthographic":false}