{"cameraMode":{"drawMode":0,"name":"Shaded","section":"Shading Mode"},"sceneLighting":true,"audioPlay":false,"sceneViewState":{"showFog":true,"showMaterialUpdate":false,"showSkybox":true,"showFlares":true,"showImageEffects":true,"showParticleSystems":true},"in2DMode":false,"pivot":{"x":813.7999877929688,"y":735.9000244140625,"z":0.0},"rotation":{"x":-0.08209642767906189,"y":-0.12167924642562866,"z":0.01009933277964592,"w":-0.9891169667243958},"size":268.6005554199219,"orthographic":false}