{"cameraMode":{"drawMode":0,"name":"Shaded","section":"Shading Mode"},"sceneLighting":false,"audioPlay":false,"sceneViewState":{"showFog":true,"showMaterialUpdate":false,"showSkybox":true,"showFlares":true,"showImageEffects":true,"showParticleSystems":true},"in2DMode":false,"pivot":{"x":45.72257614135742,"y":95.50677490234375,"z":2.6653101444244386},"rotation":{"x":-0.006420593708753586,"y":0.978111982345581,"z":-0.20572780072689057,"w":-0.03052625246345997},"size":22.0,"orthographic":false}