{"cameraMode":{"drawMode":0,"name":"Shaded","section":"Shading Mode"},"sceneLighting":false,"audioPlay":false,"sceneViewState":{"showFog":true,"showMaterialUpdate":false,"showSkybox":true,"showFlares":true,"showImageEffects":true,"showParticleSystems":true},"in2DMode":false,"pivot":{"x":296.58233642578127,"y":219.97760009765626,"z":50.25118637084961},"rotation":{"x":-0.12297584861516953,"y":-0.018758675083518029,"z":0.002324889414012432,"w":-0.9922296404838562},"size":249.31163024902345,"orthographic":false}